Day,Date,MoonPhase,Track,Figure,SeedRitual,URL
1,2025-11-05,ðŸŒ• Full Moon,Mac Miller â€“ Best Day Ever,Anonymous,Cosmic Apple â€” swallow,https://www.youtube.com/watch?v=AbV-Q6tz4B8
2,2025-11-06,ðŸŒ– Waning Gibbous,Sabrina Carpenter â€“ Feather,Sabrina,Pumpkin â€” chew + honey,https://www.youtube.com/watch?v=kLbn61Z4LDI
3,2025-11-07,ðŸŒ– Waning Gibbous,Rage Against the Machine â€“ Killing in the Name,Anonymous,Mustard â€” swallow,https://www.youtube.com/watch?v=bWXazVhlyxQ
4,2025-11-08,ðŸŒ– Waning Gibbous,Doechii â€“ What It Is (Block Boy),Doechii,Cumin â€” chew + honey (smoke optional),https://www.youtube.com/watch?v=phtcAd8j6Ro
5,2025-11-09,ðŸŒ– Waning Gibbous,"Greta Thunberg â€“ Right Here, Right Now (Remix)",Greta,Gala Apple â€” chew,https://www.youtube.com/watch?v=FrEP4MHCKDc&list=PL2H7n7qLAdf7VTOrmFlY9G-PaE94VrHAY&index=5
6,2025-11-10,ðŸŒ– Waning Gibbous,Mac Miller â€“ Dang! (feat. Anderson .Paak),Mac Miller,Pumpkin â€” swallow,https://www.youtube.com/watch?v=LR3GQfryp9M
7,2025-11-11,ðŸŒ— Last Quarter,Sufjan Stevens et al. â€“ Saturn (Planetarium),Janet Planet,Royal Orange â€” swallow + honey,https://www.youtube.com/watch?v=k92cL337BuM
8,2025-11-12,ðŸŒ˜ Waning Crescent,Doechii â€“ Crazy,Doechii,Cosmic Apple â€” swallow,https://www.youtube.com/watch?v=0aQ9Q0hRTwY
9,2025-11-13,ðŸŒ˜ Waning Crescent,Emma Stone â€“ City of Stars (La La Land),Emma Stone,Pumpkin â€” chew + honey,https://www.youtube.com/watch?v=cZAw8qxn0ZE
10,2025-11-14,ðŸŒ˜ Waning Crescent,Eminem â€“ Lose Yourself,Eminem,Mustard â€” swallow,https://www.youtube.com/watch?v=eRhEcKHU5LY
11,2025-11-15,ðŸŒ˜ Waning Crescent,AURORA â€“ The Seed,Greta,Cumin â€” chew + honey (smoke optional),https://www.youtube.com/watch?v=MUIIkBZVzTU
12,2025-11-16,ðŸŒ˜ Waning Crescent,Chappell Roan â€“ HOT TO GO!,Hot To Go,Gala Apple â€” chew,https://www.youtube.com/watch?v=xaPNR-_Cfn0
13,2025-11-17,ðŸŒ˜ Waning Crescent,Mac Miller â€“ Good News,Mac Miller,Pumpkin â€” swallow,https://www.youtube.com/watch?v=aIHF7u9Wwiw
14,2025-11-18,ðŸŒ‘ New Moon,Brian Eno â€“ An Ending (Ascent),Janet Planet,Royal Orange â€” swallow + honey,https://www.youtube.com/watch?v=OlaTeXX3uH8
15,2025-11-19,ðŸŒ’ Waxing Crescent,Eminem â€“ White America,Eminem,Cosmic Apple â€” swallow,https://www.youtube.com/watch?v=RZIzD0ZfTFg
16,2025-11-20,ðŸŒ’ Waxing Crescent,Sophie Ellis-Bextor â€“ Murder on the Dancefloor,Hot To Go,Pumpkin â€” chew + honey,https://www.youtube.com/watch?v=hAx6mYeC6pY
17,2025-11-21,ðŸŒ’ Waxing Crescent,Billie Eilish â€“ all the good girls go to hell,Greta,Mustard â€” swallow,https://www.youtube.com/watch?v=-PZsSWwc9xA
18,2025-11-22,ðŸŒ’ Waxing Crescent,Mac Miller â€“ Blue World,Mac Miller,Cumin â€” chew + honey (smoke optional),https://www.youtube.com/watch?v=_GC2wFTCAGY
19,2025-11-23,ðŸŒ’ Waxing Crescent,Sabrina Carpenter â€“ Nonsense,Sabrina,Gala Apple â€” chew,https://www.youtube.com/watch?v=YcSP1ZUf1eQ
20,2025-11-24,ðŸŒ’ Waxing Crescent,Emma Stone â€“ Audition (The Fools Who Dream),Emma Stone,Pumpkin â€” swallow,https://www.youtube.com/watch?v=XCf_kdmmVNE
21,2025-11-25,ðŸŒ“ First Quarter,Max Richter â€“ On the Nature of Daylight,Janet Planet,Royal Orange â€” swallow + honey,https://www.youtube.com/watch?v=InyT9Gyoz_o
22,2025-11-26,ðŸŒ” Waxing Gibbous,Bella Ciao (Money Heist Cast),Anonymous,Cosmic Apple â€” swallow,https://www.youtube.com/watch?v=46cXFUzR9XM
23,2025-11-27,ðŸŒ” Waxing Gibbous,Doechii â€“ Yucky Blucky Fruitcake,Doechii,Pumpkin â€” chew + honey,https://www.youtube.com/watch?v=8qnOpJfFfpU
24,2025-11-28,ðŸŒ” Waxing Gibbous,Hot To Go â€“ Neon Swarm,Hot To Go,Mustard â€” swallow,https://www.youtube.com/watch?v=eu0KsZ_MVBc
25,2025-11-29,ðŸŒ” Waxing Gibbous,Mac Miller â€“ Weekend (feat. Miguel),Mac Miller,Cumin â€” chew + honey (smoke optional),https://www.youtube.com/watch?v=N29-54dhVHg
26,2025-11-30,ðŸŒ” Waxing Gibbous,Lady Gaga â€“ Always Remember Us This Way,Emma Stone,Gala Apple â€” chew,https://www.youtube.com/watch?v=5vheNbQlsyU
27,2025-12-01,ðŸŒ” Waxing Gibbous,AURORA â€“ Runaway,Greta,Pumpkin â€” swallow,https://www.youtube.com/watch?v=d_HlPboLRL8
28,2025-12-02,ðŸŒ• Full Moon,Muse â€“ Uprising,Anonymous,Royal Orange â€” swallow + honey,https://www.youtube.com/watch?v=w8KQmps-Sog
29,2025-12-03,ðŸŒ– Waning Gibbous,Dua Lipa â€“ Donâ€™t Start Now,Hot To Go,Cosmic Apple â€” swallow,https://www.youtube.com/watch?v=oygrmJFKYZY
30,2025-12-04,ðŸŒ– Waning Gibbous,Eminem â€“ The Way I Am,Eminem,Pumpkin â€” chew + honey,https://www.youtube.com/watch?v=jsdI3JezUSs
31,2025-12-05,ðŸŒ– Waning Gibbous,Mac Miller â€“ 2009,Mac Miller,Mustard â€” swallow,https://www.youtube.com/watch?v=6B3YwcjQ_bU
32,2025-12-06,ðŸŒ– Waning Gibbous,Emma Stone â€“ Pocketful of Sunshine (Easy A clip),Emma Stone,Cumin â€” chew + honey (smoke optional),https://www.youtube.com/watch?v=ylvh800i85I
33,2025-12-07,ðŸŒ– Waning Gibbous,Sabrina Carpenter â€“ Espresso,Sabrina,Gala Apple â€” chew,https://www.youtube.com/watch?v=eVli-tstM5E
34,2025-12-08,ðŸŒ– Waning Gibbous,The Avalanches â€“ Since I Left You,Janet Planet,Pumpkin â€” swallow,https://www.youtube.com/watch?v=wpqm-05R2Jk
35,2025-12-09,ðŸŒ— Last Quarter,Pete Seeger â€“ Solidarity Forever,Anonymous,Royal Orange â€” swallow + honey,https://www.youtube.com/watch?v=R8eK9ZXf-Ow
36,2025-12-10,ðŸŒ˜ Waning Crescent,Doechii â€“ Spookie Coochie,Doechii,Cosmic Apple â€” swallow,https://www.youtube.com/watch?v=dN0c88XN7eU
37,2025-12-11,ðŸŒ˜ Waning Crescent,Mac Miller â€“ Self Care,Mac Miller,Pumpkin â€” chew + honey,https://www.youtube.com/watch?v=SsKT0s5J8ko
38,2025-12-12,ðŸŒ˜ Waning Crescent,Daft Punk â€“ One More Time,Hot To Go,Mustard â€” swallow,https://www.youtube.com/watch?v=FGBhQbmPwH8
39,2025-12-13,ðŸŒ˜ Waning Crescent,Hozier â€“ Take Me to Church,Greta,Cumin â€” chew + honey (smoke optional),https://www.youtube.com/watch?v=PVjiKRfKpPI
40,2025-12-14,ðŸŒ˜ Waning Crescent,Eminem â€“ Without Me,Eminem,Gala Apple â€” chew,https://www.youtube.com/watch?v=YVkUvmDQ3HY
41,2025-12-15,ðŸŒ˜ Waning Crescent,Eva Cassidy â€“ Over the Rainbow,Emma Stone,Pumpkin â€” swallow,https://www.youtube.com/watch?v=YVkUvmDQ3HY
42,2025-12-16,ðŸŒ’ Waxing Crescent,Pink Floyd â€“ Brain Damage / Eclipse,All Pantheon,Royal Orange â€” swallow + honey,https://www.youtube.com/watch?v=1Z39KZAryzk
